name, token
000, 零零零
001, 零零壹
002, 零零贰
003, 零零叁
004, 零零肆
005, 零零伍
006, 零零陆
007, 零零柒
008, 零零捌
009, 零零玖
010, 零壹零
011, 零壹壹
012, 零壹贰
013, 零壹叁
014, 零壹肆
015, 零壹伍
016, 零壹陆
017, 零壹柒
018, 零壹捌
019, 零壹玖
020, 零贰零
021, 零贰壹
022, 零贰贰
023, 零贰叁
024, 零贰肆
025, 零贰伍
026, 零贰陆
027, 零贰柒
028, 零贰捌
029, 零贰玖
030, 零叁零
031, 零叁壹
032, 零叁贰
033, 零叁叁
034, 零叁肆
035, 零叁伍
036, 零叁陆
037, 零叁柒
038, 零叁捌
039, 零叁玖
040, 零肆零
041, 零肆壹
042, 零肆贰
043, 零肆叁
044, 零肆肆
045, 零肆伍
046, 零肆陆
047, 零肆柒
048, 零肆捌
049, 零肆玖
050, 零伍零
051, 零伍壹
052, 零伍贰
053, 零伍叁
054, 零伍肆
055, 零伍伍
056, 零伍陆
057, 零伍柒
058, 零伍捌
059, 零伍玖
060, 零陆零
061, 零陆壹
062, 零陆贰
063, 零陆叁
064, 零陆肆
065, 零陆伍
066, 零陆陆
067, 零陆柒
068, 零陆捌
069, 零陆玖
070, 零柒零
071, 零柒壹
072, 零柒贰
073, 零柒叁
074, 零柒肆
075, 零柒伍
076, 零柒陆
077, 零柒柒
078, 零柒捌
079, 零柒玖
080, 零捌零
081, 零捌壹
082, 零捌贰
083, 零捌叁
084, 零捌肆
085, 零捌伍
086, 零捌陆
087, 零捌柒
088, 零捌捌
089, 零捌玖
090, 零玖零
091, 零玖壹
092, 零玖贰
093, 零玖叁
094, 零玖肆
095, 零玖伍
096, 零玖陆
097, 零玖柒
098, 零玖捌
099, 零玖玖
100, 壹零零
101, 壹零壹
102, 壹零贰
103, 壹零叁
104, 壹零肆
105, 壹零伍
106, 壹零陆
107, 壹零柒
108, 壹零捌
109, 壹零玖
110, 壹壹零
111, 壹壹壹
112, 壹壹贰
113, 壹壹叁
114, 壹壹肆
115, 壹壹伍
116, 壹壹陆
117, 壹壹柒
118, 壹壹捌
119, 壹壹玖
120, 壹贰零
121, 壹贰壹
122, 壹贰贰
123, 壹贰叁
124, 壹贰肆
125, 壹贰伍
126, 壹贰陆
127, 壹贰柒
128, 壹贰捌
129, 壹贰玖
130, 壹叁零
131, 壹叁壹
132, 壹叁贰
133, 壹叁叁
134, 壹叁肆
135, 壹叁伍
136, 壹叁陆
137, 壹叁柒
138, 壹叁捌
139, 壹叁玖
140, 壹肆零
141, 壹肆壹
142, 壹肆贰
143, 壹肆叁
144, 壹肆肆
145, 壹肆伍
146, 壹肆陆
147, 壹肆柒
148, 壹肆捌
149, 壹肆玖
150, 壹伍零
151, 壹伍壹
152, 壹伍贰
153, 壹伍叁
154, 壹伍肆
155, 壹伍伍
156, 壹伍陆
157, 壹伍柒
158, 壹伍捌
159, 壹伍玖
160, 壹陆零
161, 壹陆壹
162, 壹陆贰
163, 壹陆叁
164, 壹陆肆
165, 壹陆伍
166, 壹陆陆
167, 壹陆柒
168, 壹陆捌
169, 壹陆玖
170, 壹柒零
171, 壹柒壹
172, 壹柒贰
173, 壹柒叁
174, 壹柒肆
175, 壹柒伍
176, 壹柒陆
177, 壹柒柒
178, 壹柒捌
179, 壹柒玖
180, 壹捌零
181, 壹捌壹
182, 壹捌贰
183, 壹捌叁
184, 壹捌肆
185, 壹捌伍
186, 壹捌陆
187, 壹捌柒
188, 壹捌捌
189, 壹捌玖
190, 壹玖零
191, 壹玖壹
192, 壹玖贰
193, 壹玖叁
194, 壹玖肆
195, 壹玖伍
196, 壹玖陆
197, 壹玖柒
198, 壹玖捌
199, 壹玖玖
200, 贰零零
201, 贰零壹
202, 贰零贰
203, 贰零叁
204, 贰零肆
205, 贰零伍
206, 贰零陆
207, 贰零柒
208, 贰零捌
209, 贰零玖
210, 贰壹零
211, 贰壹壹
212, 贰壹贰
213, 贰壹叁
214, 贰壹肆
215, 贰壹伍
216, 贰壹陆
217, 贰壹柒
218, 贰壹捌
219, 贰壹玖
220, 贰贰零
221, 贰贰壹
222, 贰贰贰
223, 贰贰叁
224, 贰贰肆
225, 贰贰伍
226, 贰贰陆
227, 贰贰柒
228, 贰贰捌
229, 贰贰玖
230, 贰叁零
231, 贰叁壹
232, 贰叁贰
233, 贰叁叁
234, 贰叁肆
235, 贰叁伍
236, 贰叁陆
237, 贰叁柒
238, 贰叁捌
239, 贰叁玖
240, 贰肆零
241, 贰肆壹
242, 贰肆贰
243, 贰肆叁
244, 贰肆肆
245, 贰肆伍
246, 贰肆陆
247, 贰肆柒
248, 贰肆捌
249, 贰肆玖
250, 贰伍零
251, 贰伍壹
252, 贰伍贰
253, 贰伍叁
254, 贰伍肆
255, 贰伍伍
256, 贰伍陆
257, 贰伍柒
258, 贰伍捌
259, 贰伍玖
260, 贰陆零
261, 贰陆壹
262, 贰陆贰
263, 贰陆叁
264, 贰陆肆
265, 贰陆伍
266, 贰陆陆
267, 贰陆柒
268, 贰陆捌
269, 贰陆玖
270, 贰柒零
271, 贰柒壹
272, 贰柒贰
273, 贰柒叁
274, 贰柒肆
275, 贰柒伍
276, 贰柒陆
277, 贰柒柒
278, 贰柒捌
279, 贰柒玖
280, 贰捌零
281, 贰捌壹
282, 贰捌贰
283, 贰捌叁
284, 贰捌肆
285, 贰捌伍
286, 贰捌陆
287, 贰捌柒
288, 贰捌捌
289, 贰捌玖
290, 贰玖零
291, 贰玖壹
292, 贰玖贰
293, 贰玖叁
294, 贰玖肆
295, 贰玖伍
296, 贰玖陆
297, 贰玖柒
298, 贰玖捌
299, 贰玖玖
300, 叁零零
301, 叁零壹
302, 叁零贰
303, 叁零叁
304, 叁零肆
305, 叁零伍
306, 叁零陆
307, 叁零柒
308, 叁零捌
309, 叁零玖
310, 叁壹零
311, 叁壹壹
312, 叁壹贰
313, 叁壹叁
314, 叁壹肆
315, 叁壹伍
316, 叁壹陆
317, 叁壹柒
318, 叁壹捌
319, 叁壹玖
320, 叁贰零
321, 叁贰壹
322, 叁贰贰
323, 叁贰叁
324, 叁贰肆
325, 叁贰伍
326, 叁贰陆
327, 叁贰柒
328, 叁贰捌
329, 叁贰玖
330, 叁叁零
331, 叁叁壹
332, 叁叁贰
333, 叁叁叁
334, 叁叁肆
335, 叁叁伍
336, 叁叁陆
337, 叁叁柒
338, 叁叁捌
339, 叁叁玖
340, 叁肆零
341, 叁肆壹
342, 叁肆贰
343, 叁肆叁
344, 叁肆肆
345, 叁肆伍
346, 叁肆陆
347, 叁肆柒
348, 叁肆捌
349, 叁肆玖
350, 叁伍零
351, 叁伍壹
352, 叁伍贰
353, 叁伍叁
354, 叁伍肆
355, 叁伍伍
356, 叁伍陆
357, 叁伍柒
358, 叁伍捌
359, 叁伍玖
360, 叁陆零
361, 叁陆壹
362, 叁陆贰
363, 叁陆叁
364, 叁陆肆
365, 叁陆伍
366, 叁陆陆
367, 叁陆柒
368, 叁陆捌
369, 叁陆玖
370, 叁柒零
371, 叁柒壹
372, 叁柒贰
373, 叁柒叁
374, 叁柒肆
375, 叁柒伍
376, 叁柒陆
377, 叁柒柒
378, 叁柒捌
379, 叁柒玖
380, 叁捌零
381, 叁捌壹
382, 叁捌贰
383, 叁捌叁
384, 叁捌肆
385, 叁捌伍
386, 叁捌陆
387, 叁捌柒
388, 叁捌捌
389, 叁捌玖
390, 叁玖零
391, 叁玖壹
392, 叁玖贰
393, 叁玖叁
394, 叁玖肆
395, 叁玖伍
396, 叁玖陆
397, 叁玖柒
398, 叁玖捌
399, 叁玖玖
400, 肆零零
401, 肆零壹
402, 肆零贰
403, 肆零叁
404, 肆零肆
405, 肆零伍
406, 肆零陆
407, 肆零柒
408, 肆零捌
409, 肆零玖
410, 肆壹零
411, 肆壹壹
412, 肆壹贰
413, 肆壹叁
414, 肆壹肆
415, 肆壹伍
416, 肆壹陆
417, 肆壹柒
418, 肆壹捌
419, 肆壹玖
420, 肆贰零
421, 肆贰壹
422, 肆贰贰
423, 肆贰叁
424, 肆贰肆
425, 肆贰伍
426, 肆贰陆
427, 肆贰柒
428, 肆贰捌
429, 肆贰玖
430, 肆叁零
431, 肆叁壹
432, 肆叁贰
433, 肆叁叁
434, 肆叁肆
435, 肆叁伍
436, 肆叁陆
437, 肆叁柒
438, 肆叁捌
439, 肆叁玖
440, 肆肆零
441, 肆肆壹
442, 肆肆贰
443, 肆肆叁
444, 肆肆肆
445, 肆肆伍
446, 肆肆陆
447, 肆肆柒
448, 肆肆捌
449, 肆肆玖
450, 肆伍零
451, 肆伍壹
452, 肆伍贰
453, 肆伍叁
454, 肆伍肆
455, 肆伍伍
456, 肆伍陆
457, 肆伍柒
458, 肆伍捌
459, 肆伍玖
460, 肆陆零
461, 肆陆壹
462, 肆陆贰
463, 肆陆叁
464, 肆陆肆
465, 肆陆伍
466, 肆陆陆
467, 肆陆柒
468, 肆陆捌
469, 肆陆玖
470, 肆柒零
471, 肆柒壹
472, 肆柒贰
473, 肆柒叁
474, 肆柒肆
475, 肆柒伍
476, 肆柒陆
477, 肆柒柒
478, 肆柒捌
479, 肆柒玖
480, 肆捌零
481, 肆捌壹
482, 肆捌贰
483, 肆捌叁
484, 肆捌肆
485, 肆捌伍
486, 肆捌陆
487, 肆捌柒
488, 肆捌捌
489, 肆捌玖
490, 肆玖零
491, 肆玖壹
492, 肆玖贰
493, 肆玖叁
494, 肆玖肆
495, 肆玖伍
496, 肆玖陆
497, 肆玖柒
498, 肆玖捌
499, 肆玖玖
500, 伍零零
501, 伍零壹
502, 伍零贰
503, 伍零叁
504, 伍零肆
505, 伍零伍
506, 伍零陆
507, 伍零柒
508, 伍零捌
509, 伍零玖
510, 伍壹零
511, 伍壹壹
512, 伍壹贰
513, 伍壹叁
514, 伍壹肆
515, 伍壹伍
516, 伍壹陆
517, 伍壹柒
518, 伍壹捌
519, 伍壹玖
520, 伍贰零
521, 伍贰壹
522, 伍贰贰
523, 伍贰叁
524, 伍贰肆
525, 伍贰伍
526, 伍贰陆
527, 伍贰柒
528, 伍贰捌
529, 伍贰玖
530, 伍叁零
531, 伍叁壹
532, 伍叁贰
533, 伍叁叁
534, 伍叁肆
535, 伍叁伍
536, 伍叁陆
537, 伍叁柒
538, 伍叁捌
539, 伍叁玖
540, 伍肆零
541, 伍肆壹
542, 伍肆贰
543, 伍肆叁
544, 伍肆肆
545, 伍肆伍
546, 伍肆陆
547, 伍肆柒
548, 伍肆捌
549, 伍肆玖
550, 伍伍零
551, 伍伍壹
552, 伍伍贰
553, 伍伍叁
554, 伍伍肆
555, 伍伍伍
556, 伍伍陆
557, 伍伍柒
558, 伍伍捌
559, 伍伍玖
560, 伍陆零
561, 伍陆壹
562, 伍陆贰
563, 伍陆叁
564, 伍陆肆
565, 伍陆伍
566, 伍陆陆
567, 伍陆柒
568, 伍陆捌
569, 伍陆玖
570, 伍柒零
571, 伍柒壹
572, 伍柒贰
573, 伍柒叁
574, 伍柒肆
575, 伍柒伍
576, 伍柒陆
577, 伍柒柒
578, 伍柒捌
579, 伍柒玖
580, 伍捌零
581, 伍捌壹
582, 伍捌贰
583, 伍捌叁
584, 伍捌肆
585, 伍捌伍
586, 伍捌陆
587, 伍捌柒
588, 伍捌捌
589, 伍捌玖
590, 伍玖零
591, 伍玖壹
592, 伍玖贰
593, 伍玖叁
594, 伍玖肆
595, 伍玖伍
596, 伍玖陆
597, 伍玖柒
598, 伍玖捌
599, 伍玖玖
600, 陆零零
601, 陆零壹
602, 陆零贰
603, 陆零叁
604, 陆零肆
605, 陆零伍
606, 陆零陆
607, 陆零柒
608, 陆零捌
609, 陆零玖
610, 陆壹零
611, 陆壹壹
612, 陆壹贰
613, 陆壹叁
614, 陆壹肆
615, 陆壹伍
616, 陆壹陆
617, 陆壹柒
618, 陆壹捌
619, 陆壹玖
620, 陆贰零
621, 陆贰壹
622, 陆贰贰
623, 陆贰叁
624, 陆贰肆
625, 陆贰伍
626, 陆贰陆
627, 陆贰柒
628, 陆贰捌
629, 陆贰玖
630, 陆叁零
631, 陆叁壹
632, 陆叁贰
633, 陆叁叁
634, 陆叁肆
635, 陆叁伍
636, 陆叁陆
637, 陆叁柒
638, 陆叁捌
639, 陆叁玖
640, 陆肆零
641, 陆肆壹
642, 陆肆贰
643, 陆肆叁
644, 陆肆肆
645, 陆肆伍
646, 陆肆陆
647, 陆肆柒
648, 陆肆捌
649, 陆肆玖
650, 陆伍零
651, 陆伍壹
652, 陆伍贰
653, 陆伍叁
654, 陆伍肆
655, 陆伍伍
656, 陆伍陆
657, 陆伍柒
658, 陆伍捌
659, 陆伍玖
660, 陆陆零
661, 陆陆壹
662, 陆陆贰
663, 陆陆叁
664, 陆陆肆
665, 陆陆伍
666, 陆陆陆
667, 陆陆柒
668, 陆陆捌
669, 陆陆玖
670, 陆柒零
671, 陆柒壹
672, 陆柒贰
673, 陆柒叁
674, 陆柒肆
675, 陆柒伍
676, 陆柒陆
677, 陆柒柒
678, 陆柒捌
679, 陆柒玖
680, 陆捌零
681, 陆捌壹
682, 陆捌贰
683, 陆捌叁
684, 陆捌肆
685, 陆捌伍
686, 陆捌陆
687, 陆捌柒
688, 陆捌捌
689, 陆捌玖
690, 陆玖零
691, 陆玖壹
692, 陆玖贰
693, 陆玖叁
694, 陆玖肆
695, 陆玖伍
696, 陆玖陆
697, 陆玖柒
698, 陆玖捌
699, 陆玖玖
700, 柒零零
701, 柒零壹
702, 柒零贰
703, 柒零叁
704, 柒零肆
705, 柒零伍
706, 柒零陆
707, 柒零柒
708, 柒零捌
709, 柒零玖
710, 柒壹零
711, 柒壹壹
712, 柒壹贰
713, 柒壹叁
714, 柒壹肆
715, 柒壹伍
716, 柒壹陆
717, 柒壹柒
718, 柒壹捌
719, 柒壹玖
720, 柒贰零
721, 柒贰壹
722, 柒贰贰
723, 柒贰叁
724, 柒贰肆
725, 柒贰伍
726, 柒贰陆
727, 柒贰柒
728, 柒贰捌
729, 柒贰玖
730, 柒叁零
731, 柒叁壹
732, 柒叁贰
733, 柒叁叁
734, 柒叁肆
735, 柒叁伍
736, 柒叁陆
737, 柒叁柒
738, 柒叁捌
739, 柒叁玖
740, 柒肆零
741, 柒肆壹
742, 柒肆贰
743, 柒肆叁
744, 柒肆肆
745, 柒肆伍
746, 柒肆陆
747, 柒肆柒
748, 柒肆捌
749, 柒肆玖
750, 柒伍零
751, 柒伍壹
752, 柒伍贰
753, 柒伍叁
754, 柒伍肆
755, 柒伍伍
756, 柒伍陆
757, 柒伍柒
758, 柒伍捌
759, 柒伍玖
760, 柒陆零
761, 柒陆壹
762, 柒陆贰
763, 柒陆叁
764, 柒陆肆
765, 柒陆伍
766, 柒陆陆
767, 柒陆柒
768, 柒陆捌
769, 柒陆玖
770, 柒柒零
771, 柒柒壹
772, 柒柒贰
773, 柒柒叁
774, 柒柒肆
775, 柒柒伍
776, 柒柒陆
777, 柒柒柒
778, 柒柒捌
779, 柒柒玖
780, 柒捌零
781, 柒捌壹
782, 柒捌贰
783, 柒捌叁
784, 柒捌肆
785, 柒捌伍
786, 柒捌陆
787, 柒捌柒
788, 柒捌捌
789, 柒捌玖
790, 柒玖零
791, 柒玖壹
792, 柒玖贰
793, 柒玖叁
794, 柒玖肆
795, 柒玖伍
796, 柒玖陆
797, 柒玖柒
798, 柒玖捌
799, 柒玖玖
800, 捌零零
801, 捌零壹
802, 捌零贰
803, 捌零叁
804, 捌零肆
805, 捌零伍
806, 捌零陆
807, 捌零柒
808, 捌零捌
809, 捌零玖
810, 捌壹零
811, 捌壹壹
812, 捌壹贰
813, 捌壹叁
814, 捌壹肆
815, 捌壹伍
816, 捌壹陆
817, 捌壹柒
818, 捌壹捌
819, 捌壹玖
820, 捌贰零
821, 捌贰壹
822, 捌贰贰
823, 捌贰叁
824, 捌贰肆
825, 捌贰伍
826, 捌贰陆
827, 捌贰柒
828, 捌贰捌
829, 捌贰玖
830, 捌叁零
831, 捌叁壹
832, 捌叁贰
833, 捌叁叁
834, 捌叁肆
835, 捌叁伍
836, 捌叁陆
837, 捌叁柒
838, 捌叁捌
839, 捌叁玖
840, 捌肆零
841, 捌肆壹
842, 捌肆贰
843, 捌肆叁
844, 捌肆肆
845, 捌肆伍
846, 捌肆陆
847, 捌肆柒
848, 捌肆捌
849, 捌肆玖
850, 捌伍零
851, 捌伍壹
852, 捌伍贰
853, 捌伍叁
854, 捌伍肆
855, 捌伍伍
856, 捌伍陆
857, 捌伍柒
858, 捌伍捌
859, 捌伍玖
860, 捌陆零
861, 捌陆壹
862, 捌陆贰
863, 捌陆叁
864, 捌陆肆
865, 捌陆伍
866, 捌陆陆
867, 捌陆柒
868, 捌陆捌
869, 捌陆玖
870, 捌柒零
871, 捌柒壹
872, 捌柒贰
873, 捌柒叁
874, 捌柒肆
875, 捌柒伍
876, 捌柒陆
877, 捌柒柒
878, 捌柒捌
879, 捌柒玖
880, 捌捌零
881, 捌捌壹
882, 捌捌贰
883, 捌捌叁
884, 捌捌肆
885, 捌捌伍
886, 捌捌陆
887, 捌捌柒
888, 捌捌捌
889, 捌捌玖
890, 捌玖零
891, 捌玖壹
892, 捌玖贰
893, 捌玖叁
894, 捌玖肆
895, 捌玖伍
896, 捌玖陆
897, 捌玖柒
898, 捌玖捌
899, 捌玖玖
900, 玖零零
901, 玖零壹
902, 玖零贰
903, 玖零叁
904, 玖零肆
905, 玖零伍
906, 玖零陆
907, 玖零柒
908, 玖零捌
909, 玖零玖
910, 玖壹零
911, 玖壹壹
912, 玖壹贰
913, 玖壹叁
914, 玖壹肆
915, 玖壹伍
916, 玖壹陆
917, 玖壹柒
918, 玖壹捌
919, 玖壹玖
920, 玖贰零
921, 玖贰壹
922, 玖贰贰
923, 玖贰叁
924, 玖贰肆
925, 玖贰伍
926, 玖贰陆
927, 玖贰柒
928, 玖贰捌
929, 玖贰玖
930, 玖叁零
931, 玖叁壹
932, 玖叁贰
933, 玖叁叁
934, 玖叁肆
935, 玖叁伍
936, 玖叁陆
937, 玖叁柒
938, 玖叁捌
939, 玖叁玖
940, 玖肆零
941, 玖肆壹
942, 玖肆贰
943, 玖肆叁
944, 玖肆肆
945, 玖肆伍
946, 玖肆陆
947, 玖肆柒
948, 玖肆捌
949, 玖肆玖
950, 玖伍零
951, 玖伍壹
952, 玖伍贰
953, 玖伍叁
954, 玖伍肆
955, 玖伍伍
956, 玖伍陆
957, 玖伍柒
958, 玖伍捌
959, 玖伍玖
960, 玖陆零
961, 玖陆壹
962, 玖陆贰
963, 玖陆叁
964, 玖陆肆
965, 玖陆伍
966, 玖陆陆
967, 玖陆柒
968, 玖陆捌
969, 玖陆玖
970, 玖柒零
971, 玖柒壹
972, 玖柒贰
973, 玖柒叁
974, 玖柒肆
975, 玖柒伍
976, 玖柒陆
977, 玖柒柒
978, 玖柒捌
979, 玖柒玖
980, 玖捌零
981, 玖捌壹
982, 玖捌贰
983, 玖捌叁
984, 玖捌肆
985, 玖捌伍
986, 玖捌陆
987, 玖捌柒
988, 玖捌捌
989, 玖捌玖
990, 玖玖零
991, 玖玖壹
992, 玖玖贰
993, 玖玖叁
994, 玖玖肆
995, 玖玖伍
996, 玖玖陆
997, 玖玖柒
998, 玖玖捌
999, 玖玖玖